peptide_id,sequence_length,n_trp,n_tyr,n_phe,n_pro,epsilon_214_published,purity,aaa_ratio,aaa_cv,actual_concentration,rt,height,area,conc_u_m,hplc_dilution_factor,batch,aaa_adj,hplc_conc_raw,hplc_df,hplc_adj,diff_adj
PEP-0011,7,0,0,1,0,11100,100.0,0.82775,10.4354274818214,1.6555,12.7013333333333,1019.93399855135,168.156978032086,50.4975910006264,5,1,1655.5,50.4975910006264,5,757.463865009396,-898.036134990604
PEP-0027,7,0,1,0,0,16420,98.366,0.68835,18.9176956704792,1.354204722,,,332.924715611443,67.5852041436142,5,1,1354.204722,67.5852041436142,5,1013.7780621542132,-340.42665984578684
PEP-0079,7,0,0,0,0,5832,1.0,0.55065,16.7441780958725,1.1013,10.2665,253.885526332825,36.1871427156293,20.6830948306066,5,4,1101.3,20.6830948306066,5,310.246422459099,-791.053577540901
PEP-0287,16,0,0,0,0,24909,0.90703,0.541285714,11.75285348,1.082571428,9.7475,1229.58489068514,449.476587996294,60.1491546557863,5,6,1082.571428,60.1491546557863,5,902.2373198367944,-180.33410816320557
PEP-0084,7,0,0,0,0,5926,1.0,0.5253,15.9658570912634,1.0506,10.5546666666667,309.837808398932,43.9339473482323,24.7125364766747,5,4,1050.6,24.7125364766747,5,370.6880471501205,-679.9119528498794
PEP-0080,7,0,0,1,0,11171,0.93433,0.462875,15.3039485383516,0.8649559975,10.4683333333333,430.445640925094,72.4008921366913,21.6038230348495,5,4,864.9559975,21.6038230348495,5,324.05734552274254,-540.8986519772575
PEP-0068,7,0,1,0,0,11236,0.95914,0.448375,14.6506281053215,0.860108795,9.8045,656.678297521779,90.15314361731,26.7453256251661,5,4,860.108795,26.7453256251661,5,401.1798843774915,-458.9289106225085
PEP-0009,7,0,0,1,1,18976,92.488,0.4545,7.96193932793057,0.84071592,11.162,1290.77302201226,177.975403788121,36.3935553622725,5,1,840.71592,36.3935553622725,5,545.9033304340875,-294.8125895659125
PEP-0289,16,0,1,0,0,35205,0.34535,0.4153,16.15480879,0.8306,,,487.951128461922,46.2009305933742,5,6,830.6,46.2009305933742,5,693.013958900613,-137.586041099387
PEP-0077,7,0,1,0,0,11153,0.96733,0.4123125,17.7893558151096,0.79768450125,9.867,584.382691443436,89.6174433760607,26.7842563663172,5,4,797.68450125,26.7842563663172,5,401.763845494758,-395.920655755242
PEP-0349,12,0,0,1,0,15992,0.95412,0.397,17.19,0.794,10.4075,617.080386842596,203.465173604636,42.409782725662,5,6,794.0,42.409782725662,5,636.14674088493,-157.85325911507005
PEP-0081,7,0,0,1,0,10996,0.88536,0.446,11.4046022306813,0.78974112,10.5948333333333,474.147718332957,67.267323950342,20.3914526343949,5,4,789.7411199999999,20.3914526343949,5,305.87178951592347,-483.8693304840765
PEP-0105,7,0,0,1,0,16093,0.96286,0.408375,11.001976000451,0.786415905,11.5921666666667,1094.71976434408,287.33579493931,59.5156890033576,5,4,786.4159050000001,59.5156890033576,5,892.735335050364,106.31943005036396
PEP-0012,7,0,0,0,0,5992,92.434,0.4155,23.4309656782439,0.76812654,10.0653333333333,538.468970147442,102.076654315999,56.7849656853576,5,1,768.12654,56.7849656853576,5,851.7744852803639,83.64794528036396
PEP-0047,8,0,0,0,0,12219,91.509,0.418125,6.8648249762828,0.7652440125,9.43716666666667,536.304457530006,216.842986853386,59.1545917160122,5,1,765.2440124999999,59.1545917160122,5,887.318875740183,122.07486324018303
PEP-0133,7,0,0,1,0,11108,1.0,0.3819375,15.2066296584085,0.763875,10.0695,578.296951115799,143.512615000014,43.0658429360263,5,4,763.875,43.0658429360263,5,645.9876440403945,-117.88735595960554
PEP-0123,9,0,0,2,0,18200,0.89517,0.4262,13.7137495057512,0.763042908,11.1435,1071.66198787808,264.168251250609,48.3824635990126,5,4,763.042908,48.3824635990126,5,725.7369539851891,-37.305954014810936
PEP-0124,11,0,1,1,1,32968,1.0,0.3805,12.6269089872598,0.761,8.70483333333333,1139.44754812282,561.947072677081,61.8346452620607,5,4,761.0,61.8346452620607,5,927.5196789309103,166.51967893091046
PEP-0083,8,0,0,1,0,17044,0.98797,0.3770625,10.3887768550942,0.74505287625,9.76533333333333,474.368162662332,107.404671936922,21.0053727483614,5,4,745.05287625,21.0053727483614,5,315.08059122542096,-429.9722850245791
PEP-0344,13,0,0,1,0,22294,0.95236,0.368833333,13.0,0.737666666,10.8225,778.417923301815,219.077977972687,32.7558951545539,5,6,737.666666,32.7558951545539,5,491.3384273183085,-246.32823868169152
PEP-0290,16,0,0,1,2,35124,0.97898,0.3655,13.44752493,0.731,9.45716666666667,827.561929751491,441.3838987989,49.4149144442467,5,6,731.0,49.4149144442467,5,741.2237166637004,10.22371666370043
PEP-0085,10,0,1,1,1,27112,0.95389,0.38240625,11.456415285288,0.729546995625,10.1401666666667,828.81277026763,172.4907762371,23.5286350257261,5,4,729.546995625,23.5286350257261,5,352.9295253858915,-376.6174702391085
PEP-0104,8,0,0,1,0,12104,0.93186,0.386785714285714,12.3966918783411,0.720860271428571,12.2826666666667,1009.50637509705,178.877306642011,49.261210245101,5,4,720.860271428571,49.261210245101,5,738.918153676515,18.057882247944008
PEP-0025,7,0,0,0,0,5904,100.0,0.3573,14.3242548885302,0.7146,10.168,501.328651874127,94.1966495047236,53.1823901901104,5,1,714.6,53.1823901901104,5,797.735852851656,83.13585285165595
PEP-0010,7,0,0,1,0,10995,100.0,0.3556875,13.6113144753649,0.711375,8.91333333333333,634.90965559901,168.382270343747,51.0481341045164,5,1,711.375,51.0481341045164,5,765.722011567746,54.347011567746
PEP-0292,16,0,1,1,2,35374,1.0,0.354875,68.91321032,0.70975,10.8076666666667,781.711331281505,191.646445986757,21.2770279317387,5,6,709.75,21.2770279317387,5,319.1554189760805,-390.5945810239195
PEP-0087,8,0,0,0,0,6783,0.89398,0.394125,21.2866834508926,0.704679735,10.1391666666667,324.86991143867,48.720452200032,23.9424306845703,5,4,704.679735,23.9424306845703,5,359.1364602685545,-345.54327473144554
PEP-0069,11,0,0,0,1,17593,0.96736,0.3623125,9.12753603694695,0.70097324,8.4055,402.081144822703,130.827124385003,29.2324986336424,5,4,700.97324,29.2324986336424,5,438.487479504636,-262.48576049536405
PEP-0082,12,0,0,0,0,16000,1.0,0.347333333333333,14.2483492839885,0.694666666666667,9.12416666666667,389.095123740804,106.143909666964,22.1133145139508,5,4,694.666666666667,22.1133145139508,5,331.699717709262,-362.96694895740495
PEP-0007,7,0,1,0,0,11278,84.388,0.40605,22.284340634689,0.685314948,10.8076666666667,1074.97824845581,234.490649536398,69.3062155040485,5,1,685.3149480000001,69.3062155040485,5,1039.5932325607275,354.27828456072746
PEP-0091,7,0,1,0,0,16242,0.90198,0.37625,13.8044244746304,0.67873995,9.61066666666667,415.311952265669,117.686610072866,24.1527336684451,5,4,678.73995,24.1527336684451,5,362.2910050266765,-316.4489449733235
PEP-0065,7,0,0,0,0,11055,0.6909,0.484125,14.5846690285346,0.668963925,7.45416666666667,218.298353991,96.0719624409467,28.9678765086527,5,4,668.963925,28.9678765086527,5,434.5181476297905,-234.4457773702095
PEP-0013,7,0,1,0,0,11203,89.574,0.3705,19.3211174072712,0.66374334,11.339,813.501952052133,139.659845451271,41.5542995778724,5,1,663.74334,41.5542995778724,5,623.314493668086,-40.42884633191397
PEP-0071,11,0,2,0,0,20571,0.88951,0.3721,14.8781953195403,0.661973342,9.95483333333333,867.973163740322,127.590688560376,20.6748478538357,5,4,661.973342,20.6748478538357,5,310.12271780753554,-351.85062419246447
PEP-0093,9,0,0,1,1,15729,0.75863,0.432857142857143,20.3914931329294,0.656756828571429,10.7445,602.143960344901,80.7644906684072,20.6231782514701,5,4,656.7568285714291,20.6231782514701,5,309.3476737720515,-347.4091547993776
PEP-0024,7,0,0,0,1,8540,91.768,0.356625,10.8797666410072,0.65453526,11.5286666666667,1119.56823927077,99.1321830688976,56.341110013582,5,1,654.53526,56.341110013582,5,845.11665020373,190.58139020373005
PEP-0108,8,0,0,1,1,14728,0.95821,0.3402,14.3946099460335,0.651966084,11.6933333333333,993.980038016479,251.520337546332,69.5595391317048,5,4,651.966084,69.5595391317048,5,1043.393086975572,391.427002975572
PEP-0114,8,0,0,1,0,12013,0.9149,0.354375,9.49861452784277,0.648435375,12.092,831.586437346963,198.03415930568,54.9499595731513,5,4,648.435375,54.9499595731513,5,824.2493935972694,175.8140185972694
PEP-0088,8,0,0,1,0,12156,0.94247,0.342964285714286,18.0385704516138,0.646467100714286,10.1861666666667,485.320695020419,59.1723018862031,16.2258149298572,5,4,646.4671007142861,16.2258149298572,5,243.387223947858,-403.079876766428
PEP-0112,9,0,1,1,0,18306,0.98943,0.32446875,11.7544184832185,0.642078230625,12.0971666666667,1197.53218912022,233.12968110459,42.4505045894953,5,4,642.0782306250001,42.4505045894953,5,636.7575688424296,-5.3206617825704825
PEP-0291,15,0,0,1,3,26806,0.65187,0.32015625,11.38408631,0.6403125,,,386.870927352458,68.6635300485346,5,6,640.3125,68.6635300485346,5,1029.952950728019,389.640450728019
PEP-0030,7,0,0,1,0,16212,94.298,0.335,8.03811370896294,0.6317966,9.067,816.038479504246,226.83670003587,46.639670210517,5,1,631.7966,46.639670210517,5,699.5950531577549,67.79845315775492
PEP-0138,8,0,0,2,0,17066,0.95128,0.3309,10.7361084589725,0.629557104,10.8811666666667,781.546433100821,278.913989237713,54.4775165509812,5,4,629.557104,54.4775165509812,5,817.162748264718,187.605644264718
PEP-0092,8,0,0,2,0,17286,0.89299,0.35055,12.1411397470133,0.626075289,10.493,632.32489164521,91.4297440361115,17.6307886991615,5,4,626.075289,17.6307886991615,5,264.4618304874225,-361.6134585125775
PEP-0056,10,0,1,0,0,19106,0.91593,0.341357142857143,17.915754410377,0.625318495714286,7.05833333333333,257.930117755026,117.840855077935,20.5591358871445,5,4,625.318495714286,20.5591358871445,5,308.3870383071675,-316.9314574071185
PEP-0055,9,0,0,0,1,15595,0.7304,0.41765625,12.5457285925356,0.61011225,,,140.278462798335,36.1915538695394,5,4,610.11225,36.1915538695394,5,542.873308043091,-67.238941956909
PEP-0064,7,0,0,1,0,10932,0.902,0.3339375,13.1156307310721,0.60242325,8.8415,332.504774006349,76.0067497913988,23.1756158651661,5,4,602.4232499999999,23.1756158651661,5,347.6342379774915,-254.7890120225084
PEP-0120,7,0,1,0,0,11188,0.96675,0.3111,16.7601783467127,0.60151185,12.4656666666667,709.543915310744,103.259896931777,30.7650747621788,5,4,601.51185,30.7650747621788,5,461.476121432682,-140.03572856731802
PEP-0066,7,0,0,0,0,10971,0.62821,0.474642857142857,14.1858937571055,0.596350778571429,7.59433333333333,190.343835669766,92.203572316801,28.0143324269441,5,4,596.350778571429,28.0143324269441,5,420.2149864041615,-176.13579216726754
PEP-0106,9,0,1,2,1,31255,1.0,0.294964285714286,12.7782581175169,0.589928571428571,10.9391666666667,1154.0966670445,362.894816833781,42.3250311212714,5,4,589.928571428571,42.3250311212714,5,634.875466819071,44.9468953905
PEP-0245,13,0,0,1,1,34787,1.0,0.290125,13.8018479042163,0.58025,,,199.060145696509,20.6631109550437,5,5,580.25,20.6631109550437,5,309.9466643256555,-270.3033356743445
PEP-0343,13,0,1,1,0,27522,1.0,0.29,13.51,0.58,10.8833333333333,818.056062903025,211.187210490258,25.5779873665017,5,6,580.0,25.5779873665017,5,383.6698104975255,-196.33018950247447
PEP-0050,8,0,1,1,0,17365,98.057,0.2943,14.5177203399653,0.577163502,12.4311666666667,1177.56176793362,226.47542202234,43.4735429546675,5,1,577.163502,43.4735429546675,5,652.1031443200125,74.93964232001247
PEP-0146,7,0,0,3,0,21316,0.93304,0.304,8.94531226374154,0.56728832,12.076,992.033557185558,340.735414918221,53.2832011819324,5,4,567.28832,53.2832011819324,5,799.2480177289859,231.95969772898596
PEP-0059,7,0,1,0,1,13805,0.80466,0.35125,13.5513472268991,0.56527365,8.7915,424.610954961123,73.3213274123264,21.9590678084236,5,4,565.27365,21.9590678084236,5,329.38601712635403,-235.88763287364597
PEP-0314,16,0,3,1,1,48518,0.70746,0.282138889,11.39925373,0.564277778,,,673.137690645875,48.9451454344811,5,6,564.277778,48.9451454344811,5,734.1771815172165,169.89940351721646
PEP-0102,10,0,1,0,0,14330,0.88838,0.3164375,14.2989001266413,0.5622334925,11.3273333333333,1032.62273527424,152.493298659872,35.471807085339,5,4,562.2334925,35.471807085339,5,532.077106280085,-30.15638621991502
PEP-0032,7,0,0,0,0,5980,80.964,0.346125,8.99611370846893,0.56047329,11.5178333333333,901.53488708048,68.936321639063,38.4260432770696,5,1,560.47329,38.4260432770696,5,576.390649156044,15.917359156043972
PEP-0115,9,0,0,2,0,18344,0.8386,0.333166666666667,14.2568652723114,0.558787133333333,12.3558333333333,1055.79054744796,247.754445887316,45.020069393683,5,4,558.7871333333329,45.020069393683,5,675.301040905245,116.51390757191211
PEP-0139,8,0,0,3,0,27345,0.98091,0.2814,14.0203044624818,0.552056148,9.9105,618.197942534398,310.83924478665,37.8910519639971,5,4,552.056148,37.8910519639971,5,568.3657794599565,16.30963145995645
PEP-0078,9,0,0,0,1,10363,1.0,0.2754,2.39279767282013,0.5508,11.406,259.987211702155,33.5126633571017,14.530291084418,5,4,550.8,14.530291084418,5,217.95436626627,-332.84563373373
PEP-0142,8,0,0,3,0,22228,0.97984,0.2810625,20.7949087671888,0.55079256,11.2453333333333,837.731461526148,262.340447352006,39.3408384847948,5,4,550.79256,39.3408384847948,5,590.112577271922,39.320017271921984
PEP-0117,9,0,0,1,0,13119,0.72429,0.379714285714286,14.996862005389,0.55004652,11.9328333333333,899.475392068591,184.534306953632,46.8872899239353,5,4,550.04652,46.8872899239353,5,703.3093488590295,153.26282885902947
PEP-0022,7,0,0,1,0,11200,100.0,0.273,13.57042751124,0.546,11.751,804.04803094483,124.677757164667,37.1064753466271,5,1,546.0,37.1064753466271,5,556.5971301994065,10.59713019940648
PEP-0001,7,0,0,1,1,13691,94.497,0.287,10.8260929250113,0.54241278,10.9381666666667,909.934095320536,155.180425387443,46.9560715890352,5,1,542.41278,46.9560715890352,5,704.3410738355279,161.92829383552794
PEP-0042,7,0,0,1,0,11156,97.545,0.2775,8.89568362978897,0.54137475,11.7273333333333,716.107272866066,121.770829864981,36.38425656298,5,1,541.3747500000001,36.38425656298,5,545.7638484447,4.3890984446999255
PEP-0040,7,0,1,0,0,11238,93.328,0.2889,18.9870782190474,0.539249184,11.8135,1333.36427875803,118.423809178319,35.1260037902115,5,1,539.249184,35.1260037902115,5,526.8900568531725,-12.359127146827518
PEP-0039,7,0,0,0,0,5956,86.317,0.312,8.54634078588038,0.53861808,11.5018333333333,921.903173749512,74.2955682965039,41.5802374616655,5,1,538.61808,41.5802374616655,5,623.7035619249824,85.08548192498245
PEP-0016,7,0,0,0,0,5950,97.263,0.27615,10.6967073429549,0.537183549,10.7805,455.825323080187,66.536013679608,37.2750776916571,5,1,537.183549,37.2750776916571,5,559.1261653748566,21.942616374856584
PEP-0008,7,0,0,0,1,8717,93.921,0.2845,11.9285433363136,0.53441049,10.9666666666667,605.180552694828,110.948560921563,61.2096220465423,5,1,534.41049,61.2096220465423,5,918.1443306981344,383.7338406981345
PEP-0041,7,0,0,0,0,6030,97.08,0.274125,10.2699449406968,0.5322411,11.8443333333333,461.867286563528,77.0986282577214,42.6194738848654,5,1,532.2411000000001,42.6194738848654,5,639.292108272981,107.05100827298088
PEP-0038,7,0,0,0,0,11047,82.908,0.3192,8.38917797761083,0.529284672,11.1065,1109.88068458775,126.690119807055,38.2276092474746,5,1,529.284672,38.2276092474746,5,573.414138712119,44.12946671211898
PEP-0121,9,0,0,0,1,10411,0.98259,0.269071428571428,13.449033924734,0.52877379,8.71666666666667,813.053212875402,122.898528609716,52.9552432823664,5,4,528.7737900000001,52.9552432823664,5,794.3286492354961,265.554859235496
PEP-0122,8,0,0,1,0,12134,0.86919,0.3035,11.8189788387367,0.52759833,9.80966666666667,648.127477544318,170.556079225658,46.8534913536779,5,4,527.59833,46.8534913536779,5,702.8023703051686,175.20404030516852
PEP-0076,7,0,0,0,1,8578,0.89526,0.291642857142857,14.5196484397129,0.522192368571429,9.48033333333333,357.210606503713,45.5754542404829,25.7357582249043,5,4,522.192368571429,25.7357582249043,5,386.03637337356446,-136.15599519786457
PEP-0070,11,0,0,1,0,15100,0.84802,0.30696875,11.9299558663648,0.52063127875,9.59483333333333,610.798072554959,75.9603513821421,16.7682894883316,5,4,520.6312787500001,16.7682894883316,5,251.524342324974,-269.1069364250261
PEP-0110,12,0,2,0,0,21466,0.94783,0.272428571428571,14.8494405046388,0.516431945714286,11.6535,1338.83075386106,176.826988663932,27.4584596825883,5,4,516.4319457142859,27.4584596825883,5,411.8768952388245,-104.55505047546144
PEP-0017,7,0,0,3,1,24018,100.0,0.257625,6.54212665334621,0.51525,14.3856666666667,1116.38180208878,243.052769693313,37.959794732592,5,1,515.25,37.959794732592,5,569.3969209888801,54.14692098888008
PEP-0304,15,0,0,0,0,23756,0.8778,0.25728125,15.50952714,0.5145625,,,281.552165831818,39.5061129583849,5,6,514.5625,39.5061129583849,5,592.5916943757735,78.0291943757735
PEP-0034,7,0,1,0,0,11205,100.0,0.2568,25.2367545245552,0.5136,12.3985,810.300944981755,146.682491177693,43.6360229593018,5,1,513.5999999999999,43.6360229593018,5,654.5403443895269,140.940344389527
PEP-0054,11,0,1,0,1,17816,0.92361,0.275,16.2797271457051,0.5079855,9.04783333333333,717.1230888202,93.4154944839756,20.565681369345,5,4,507.9855,20.565681369345,5,308.485220540175,-199.50027945982495
PEP-0109,12,0,2,0,0,21587,0.95235,0.266517857142857,14.2063444768537,0.5076365625,11.6328333333333,1376.77214619387,174.987426183361,27.020494770519505,5,4,507.6365625,27.020494770519505,5,405.3074215577925,-102.32914094220752
PEP-0169,12,0,1,1,1,29054,0.97417,0.26015625,6.41944476159028,0.506872828125,,,205.594962237898,25.9796254897074,5,5,506.872828125,25.9796254897074,5,389.69438234561096,-117.17844577938904
PEP-0149,7,0,1,2,0,21485,0.95421,0.2643,17.7821181464242,0.504395406,12.0236666666667,891.315495120324,294.805929017195,45.7382559952207,5,4,504.395406,45.7382559952207,5,686.0738399283105,181.67843392831048
PEP-0341,13,0,0,1,2,27529,0.9661,0.251207143,12.92,0.502414286,9.3135,608.099931882508,196.016955280618,29.4598426861172,5,6,502.41428600000006,29.4598426861172,5,441.897640291758,-60.516645708242095
PEP-0090,8,0,0,1,0,12161,0.74571,0.331166666666667,14.4082967817691,0.49390859,10.5828333333333,483.178535025798,66.1532652166425,18.1326275845305,5,4,493.90859,18.1326275845305,5,271.9894137679575,-221.9191762320425
PEP-0062,8,0,0,0,2,12091,0.8302,0.297125,12.8554570286815,0.49334635,7.529,200.487388913847,72.1700515632692,35.6871144554563,5,4,493.34635,35.6871144554563,5,535.3067168318446,41.960366831844624
PEP-0239,13,0,0,1,0,22135,1.0,0.244546875,11.6439522747338,0.48909375,10.2978333333333,569.265281661567,148.160616524226,22.3116657667685,5,5,489.09375,22.3116657667685,5,334.6749865015275,-154.41876349847252
PEP-0301,17,0,0,0,1,18267,0.53261,0.243265625,14.85024949,0.48653125,10.3293333333333,532.168370932195,104.580838298658,22.3577985074949,5,6,486.53125,22.3577985074949,5,335.36697761242345,-151.16427238757657
PEP-0137,8,0,1,0,0,12368,0.99349,0.244375,13.4848739218123,0.4855682375,10.4015,603.457468714351,133.100467365512,35.8722691261081,5,4,485.5682375,35.8722691261081,5,538.0840368916215,52.5157993916215
PEP-0141,9,0,0,2,0,18060,0.77576,0.312,10.7557006351909,0.48407424,11.2896666666667,906.963683205015,214.180354659708,39.5312577814152,5,4,484.07424,39.5312577814152,5,592.968866721228,108.894626721228
PEP-0153,9,0,0,3,0,23334,0.75291,0.319416666666667,15.8465790342366,0.480984005,12.6591666666667,835.921336020217,219.019051836571,31.2875420468802,5,4,480.984005,31.2875420468802,5,469.313130703203,-11.670874296796969
PEP-0136,8,0,1,0,0,12149,0.89099,0.2697,16.0781291799898,0.480600006,9.91516666666667,714.999471588858,154.407335695563,42.3648957926752,5,4,480.600006,42.3648957926752,5,635.473436890128,154.87343089012802
PEP-0051,8,0,1,2,0,27633,97.077,0.246375,16.710914762482,0.4783469175,10.4641666666667,1245.16136265808,235.561582542548,28.4154914465251,5,1,478.3469175,28.4154914465251,5,426.2323716978765,-52.11454580212353
PEP-0095,8,0,0,1,1,14726,0.85755,0.278035714285714,12.2081792553178,0.476859053571429,10.5401666666667,512.285554932092,64.9338405256203,17.9608443353582,5,4,476.859053571429,17.9608443353582,5,269.412665030373,-207.446388541056
PEP-0288,16,0,0,0,0,24920,0.8379,0.237214286,8.88243279,0.474428572,11.2225,1333.44484779647,183.927107559663,24.6023418351609,5,6,474.428572,24.6023418351609,5,369.0351275274135,-105.39344447258652
PEP-0348,13,0,2,0,1,25194,0.80172,0.237,13.02,0.474,10.1003333333333,738.825816106524,175.60655000119,25.9938348359445,5,6,474.0,25.9938348359445,5,389.90752253916753,-84.09247746083247
PEP-0026,7,0,0,0,0,11045,82.523,0.2865,11.392699029837,0.47285679,10.638,684.857930240798,199.529761181388,60.2172208182851,5,1,472.8567900000001,60.2172208182851,5,903.2583122742764,430.4015222742764
PEP-0350,13,0,3,2,0,43153,0.98693,0.23521875,17.4,0.4704375,11.3421666666667,804.260859589075,236.834032124985,18.2941342143061,5,6,470.4375,18.2941342143061,5,274.4120132145915,-196.02548678540848
PEP-0170,12,0,0,0,1,18602,0.97359,0.24,9.87223062433206,0.4673232,11.0566666666667,684.624488991389,125.003008689979,26.1616560327282,5,5,467.3232,26.1616560327282,5,392.424840490923,-74.89835950907701
PEP-0127,8,0,0,1,0,17015,1.0,0.233625,12.5711128336366,0.46725,8.93766666666667,508.924585902439,216.463436074147,42.4063935888231,5,4,467.25,42.4063935888231,5,636.0959038323465,168.8459038323465
PEP-0320,16,0,0,1,1,22442,0.61493,0.231805555555556,17.06,0.463611111111112,13.9171666666667,587.180555672192,171.899463141541,28.9876162529368,5,6,463.611111111112,28.9876162529368,5,434.814243794052,-28.79686731705999
PEP-0329,17,0,0,2,2,36213,0.98102,0.23071875,28.35,0.4614375,14.0621666666667,639.529406355558,241.338445054396,26.0655634097351,5,6,461.4375,26.0655634097351,5,390.9834511460265,-70.45404885397352
PEP-0049,8,0,0,0,1,9710,92.949,0.245,8.58599345631128,0.4554501,8.107,493.773320561854,127.073189157003,60.2099924932495,5,1,455.4501,60.2099924932495,5,903.1498873987424,447.6997873987425
PEP-0015,7,0,0,0,1,8691,77.463,0.2935,13.3571775762391,0.45470781,11.299,934.443190951869,128.323848933258,71.1014233894382,5,1,454.70781,71.1014233894382,5,1066.521350841573,611.813540841573
PEP-0154,10,0,0,4,0,29494,0.89112,0.254925,13.6838155199334,0.454337532,13.3283333333333,1011.31886945988,328.167246584257,37.0885882534591,5,4,454.337532,37.0885882534591,5,556.3288238018865,101.99129180188652
PEP-0299,17,0,0,0,1,18256,0.49199,0.226638889,45.62274711,0.453277778,10.2135,495.245966725619,89.4628499269747,19.1393042652322,5,6,453.277778,19.1393042652322,5,287.089563978483,-166.188214021517
PEP-0033,7,0,2,0,0,16586,93.496,0.24225,29.2683484009208,0.45298812,9.30716666666667,1290.17153701074,223.721719835943,44.9619598528765,5,1,452.98812,44.9619598528765,5,674.4293977931475,221.4412777931475
PEP-0253,14,0,0,0,0,17884,0.92916,0.2435,16.6704258684146,0.45250092,12.2136666666667,536.840998110279,82.4290921254578,15.363656923406,5,5,452.50092,15.363656923406,5,230.45485385109,-222.04606614891
PEP-0002,7,0,0,0,0,10988,96.733,0.23295,13.0732190462501,0.450679047,9.29416666666667,506.525679848844,121.131192411121,36.7465090435388,5,1,450.679047,36.7465090435388,5,551.197635653082,100.51858865308196
PEP-0035,7,0,0,2,0,16223,100.0,0.224625,7.98315585550553,0.44925,12.8376666666667,1052.86062402028,147.49474026871,30.3056853990652,5,1,449.25,30.3056853990652,5,454.585280985978,5.335280985977988
PEP-0023,7,0,1,2,0,21548,100.0,0.2235,23.5378227070473,0.447,12.8798333333333,1239.89831685382,236.865329701308,36.6415026454594,5,1,447.0,36.6415026454594,5,549.622539681891,102.622539681891
PEP-0342,13,0,0,1,2,22368,0.78958,0.223277778,13.3,0.446555556,11.1596666666667,741.867280925643,100.389342490438,19.6633647687621,5,6,446.555556,19.6633647687621,5,294.9504715314315,-151.60508446856852
PEP-0318,15,0,0,1,1,21441,0.66768,0.2228125,16.41,0.445625,14.0166666666667,437.672895030149,103.593965259221,18.4010027459627,5,6,445.625,18.4010027459627,5,276.01504118944047,-169.60995881055953
PEP-0129,8,0,1,0,0,12368,0.85647,0.26,21.6555027375623,0.4453644,10.3026666666667,538.455089935882,107.678330922849,29.0206799598018,5,4,445.3644,29.0206799598018,5,435.310199397027,-10.05420060297297
PEP-0019,7,0,0,0,0,5867,98.269,0.2266,26.07136057801,0.445355108,10.129,404.715617537636,72.7269124957238,41.3197616588397,5,1,445.355108,41.3197616588397,5,619.7964248825955,174.44131688259552
PEP-0145,11,0,0,1,1,22591,0.71981,0.30875,11.0067009299905,0.444482675,10.0536666666667,569.798591452144,302.01391322483,50.5479536092973,5,4,444.482675,50.5479536092973,5,758.2193041394595,313.7366291394595
PEP-0194,11,0,0,1,0,20124,0.96988,0.2265,14.9733327269536,0.43935564,11.775,611.958579984788,145.740571522008,24.1404246210178,5,5,439.35564,24.1404246210178,5,362.106369315267,-77.249270684733
PEP-0346,13,0,1,1,0,27455,1.0,0.21728125,13.54,0.4345625,8.8605,806.864431427214,150.169559130634,18.2322053215121,5,6,434.5625,18.2322053215121,5,273.48307982268153,-161.07942017731847
PEP-0113,12,0,1,0,0,21273,1.0,0.215833333333333,13.7168241546181,0.431666666666667,11.2781666666667,968.115654281296,176.499228971748,27.6562197733823,5,4,431.66666666666697,27.6562197733823,5,414.8432966007345,-16.823370065932465
PEP-0134,9,0,1,1,0,18350,0.85975,0.250821428571429,16.037541833417,0.431287446428571,10.5758333333333,793.915864600935,187.464815623302,34.0535541550048,5,4,431.287446428571,34.0535541550048,5,510.803312325072,79.51586589650094
PEP-0048,8,0,1,1,0,22463,100.0,0.2154375,20.6272876013635,0.430875,10.9191666666667,1210.72551386055,218.804559913202,32.4688836328187,5,1,430.875,32.4688836328187,5,487.03325449228055,56.15825449228055
PEP-0103,11,0,0,0,0,9615,1.0,0.2139375,14.2412863081153,0.427875,11.1563333333333,571.166412609798,118.129640401632,40.9532468024379,5,4,427.875,40.9532468024379,5,614.2987020365686,186.42370203656856
PEP-0151,10,0,0,1,0,13878,0.79031,0.26878125,16.350959484861,0.424841019375,11.6751666666667,527.491650251664,137.683770255302,33.0700317661772,5,4,424.841019375,33.0700317661772,5,496.0504764926581,71.20945711765802
PEP-0094,11,0,0,0,0,9776,0.93439,0.2255625,14.0032051416549,0.42152668875,10.632,291.900722506712,30.5598370424377,10.4200208137063,5,4,421.52668875,10.4200208137063,5,156.3003122055945,-265.2263765444055
PEP-0300,15,0,3,0,2,35003,0.83563,0.2086875,18.37032008,0.417375,9.61333333333333,996.927917559315,261.743041233101,29.4228848383077,5,6,417.375,29.4228848383077,5,441.3432725746154,23.96827257461547
PEP-0021,7,0,1,0,0,16448,93.498,0.22175,33.1452039657937,0.41466363,8.75916666666667,518.101590665037,203.813557893969,41.3046283021176,5,1,414.66363,41.3046283021176,5,619.569424531764,204.90579453176397
PEP-0063,11,0,0,0,1,12833,0.81869,0.252333333333333,13.0060873949213,0.413165553333333,9.84633333333333,481.986892004797,59.001880476455,19.3613836307853,5,4,413.165553333333,19.3613836307853,5,290.4207544617795,-122.74479887155348
PEP-0111,12,0,0,0,0,10726,0.6931,0.297428571428571,12.6842081421795,0.412295485714286,11.5711666666667,633.133174001074,97.3010865491233,30.2383885105113,5,4,412.295485714286,30.2383885105113,5,453.5758276576695,41.28034194338352
PEP-0325,15,0,0,2,0,29365,0.77424,0.205358333333333,13.15,0.410716666666666,12.6835,560.999537671098,186.302089743695,21.1478619381003,5,6,410.716666666666,21.1478619381003,5,317.2179290715045,-93.49873759516151
PEP-0045,8,0,0,0,1,9621,98.199,0.208392857142857,14.6874921861289,0.409279403571429,9.60883333333333,797.02749494043,100.541436842541,48.2490818900762,5,1,409.279403571429,48.2490818900762,5,723.7362283511429,314.45682477971394
PEP-0058,7,0,0,0,1,8576,0.61178,0.330214285714286,11.1312336068559,0.404036991428571,7.92066666666667,251.931845378307,44.6866107191563,25.2423943507633,5,4,404.036991428571,25.2423943507633,5,378.6359152614495,-25.40107616712152
PEP-0006,7,0,0,0,1,8536,100.0,0.20175,20.7046844842295,0.4035,10.4061666666667,709.671137653994,109.689085455,62.3836008957517,5,1,403.5,62.3836008957517,5,935.7540134362756,532.2540134362755
PEP-0302,17,0,0,0,0,15639,0.79778,0.2006,11.33399038,0.4012,9.991,570.525199741046,107.570982092831,22.9279327520582,5,6,401.2,22.9279327520582,5,343.918991280873,-57.28100871912699
PEP-0075,9,0,0,0,1,10484,0.74199,0.269333333333333,12.6053210524916,0.39968528,9.71983333333334,428.332042483946,61.1687500481421,26.1103641303377,5,4,399.68528,26.1103641303377,5,391.6554619550655,-8.029818044934473
PEP-0156,8,0,1,1,0,17315,0.92508,0.2154,14.4706113381592,0.398524464,12.5848333333333,669.522370799395,187.385709362919,36.07386839213,5,4,398.524464,36.07386839213,5,541.1080258819501,142.58356188195006
PEP-0130,12,0,0,3,1,34061,0.53242,0.3725625,12.6602135929205,0.3967194525,9.883,1057.4366686563,532.777904832386,56.58339225901,5,4,396.7194525,56.58339225901,5,848.75088388515,452.03143138515
PEP-0018,7,0,0,2,0,16218,100.0,0.19675,17.4613116245002,0.3935,13.5118333333333,791.923913342019,114.050450848867,23.4411252618216,5,1,393.5,23.4411252618216,5,351.616878927324,-41.883121072675976
PEP-0246,13,0,0,0,0,16826,0.97552,0.201666666666667,14.4569055244099,0.393459733333333,11.1585,478.501288949163,87.8784820733708,17.4092638522467,5,5,393.459733333333,17.4092638522467,5,261.1389577837005,-132.32077554963251
PEP-0131,9,0,0,0,0,7993,0.76187,0.2565,20.3321526078934,0.39083931,10.6715,500.360569713839,95.6851528510742,39.9037294512174,5,4,390.83931,39.9037294512174,5,598.555941768261,207.71663176826104
PEP-0005,7,0,0,0,1,8551,98.369,0.19725,14.814265961048,0.388065705,10.0408333333333,484.906604839625,80.0630599584401,45.4181188781712,5,1,388.065705,45.4181188781712,5,681.271783172568,293.206078172568
PEP-0067,10,0,0,0,1,16471,0.75658,0.255928571428571,13.4266223162449,0.387260877142857,8.44666666666667,293.776217424026,89.5967125609895,21.6479927904198,5,4,387.260877142857,21.6479927904198,5,324.719891856297,-62.54098528655999
PEP-0313,17,0,0,1,1,23529,0.75156,0.19,15.51516102,0.38,12.0743333333333,728.819757618227,152.200033696834,24.3278721423282,5,6,380.0,24.3278721423282,5,364.918082134923,-15.081917865077004
PEP-0096,8,0,0,0,0,6912,0.91273,0.203142857142857,11.0829794848179,0.37082916,12.143,436.912806955325,52.8716891563017,25.4975352798523,5,4,370.82916,25.4975352798523,5,382.4630291977845,11.63386919778452
PEP-0028,7,0,0,0,0,10951,74.788,0.247714285714286,29.826231936683,0.37052112,7.30783333333333,361.548829319385,163.063704213288,49.6343421341392,5,1,370.52112,49.6343421341392,5,744.5151320120881,373.9940120120881
PEP-0119,11,0,0,2,1,22627,0.83061,0.22034375,12.542664012014,0.366039444375,12.914,1001.95919167698,188.573115083913,31.5044632257272,5,4,366.039444375,31.5044632257272,5,472.566948385908,106.527504010908
PEP-0336,12,0,0,0,1,18544,0.99015,0.182958333333333,11.32,0.365916666666666,7.0735,498.000393840982,162.641966505602,34.1634563206255,5,6,365.916666666666,34.1634563206255,5,512.4518448093825,146.53517814271646
PEP-0037,7,0,1,0,0,11411,95.877,0.19035,12.5107034202117,0.365003739,10.3721666666667,804.45092321522,97.2248406743602,28.4009115982707,5,1,365.003739,28.4009115982707,5,426.0136739740605,61.00993497406051
PEP-0144,10,0,1,0,0,14141,0.97752,0.186107142857143,25.3068349754682,0.363846908571429,11.13,493.183041243698,122.298320098678,28.828305423633,5,4,363.84690857142897,28.828305423633,5,432.424581354495,68.57767278306602
PEP-0003,7,0,0,0,1,8651,86.753,0.207214285714286,19.6093517958338,0.359529218571429,,,107.2031417947,59.7964869448349,5,1,359.529218571429,59.7964869448349,5,896.9473041725236,537.4180856010946
PEP-0126,10,0,0,2,0,19285,0.67735,0.26525,10.7975281554463,0.359334175,10.1933333333333,742.205174157823,177.491404844855,30.6786630100865,5,4,359.334175,30.6786630100865,5,460.1799451512975,100.84577015129751
PEP-0237,13,0,0,1,0,27136,1.0,0.17959375,11.6821473258986,0.3591875,,,102.992489225988,12.6513965735539,5,5,359.1875,12.6513965735539,5,189.77094860330848,-169.41655139669152
PEP-0284,12,0,0,1,0,15871,0.8567,0.2079,19.9270087687782,0.35621586,12.7351666666667,361.809975999832,73.5812880357553,15.4540331497186,5,5,356.21586,15.4540331497186,5,231.81049724577895,-124.40536275422104
PEP-0310,15,0,1,1,1,31895,0.92325,0.176475,22.40790934,0.35295,11.2928333333333,1132.31830181072,375.959982049128,42.8884305326406,5,6,352.95,42.8884305326406,5,643.326457989609,290.37645798960904
PEP-0029,7,0,1,0,0,11229,96.684,0.1812,29.723039192068,0.350382816,10.0253333333333,888.84961169085,131.151543736152,38.9323904580854,5,1,350.382816,38.9323904580854,5,583.985856871281,233.60304087128105
PEP-0073,7,0,1,0,0,11297,0.68078,0.2573,10.0905380401644,0.350329388,9.31733333333333,362.959112574698,47.8015712197084,14.104503030217,5,4,350.329388,14.104503030217,5,211.567545453255,-138.761842546745
PEP-0020,7,0,0,2,1,23919,84.831,0.201875,14.1106386384406,0.3425051625,11.2151666666667,942.502054972055,295.34928159765,46.3423839825597,5,1,342.50516250000004,46.3423839825597,5,695.1357597383956,352.6305972383955
PEP-0279,12,0,1,1,0,26252,0.99176,0.1725,11.994012368812,0.3421572,12.1678333333333,421.243649300548,166.139294010005,21.0954459355484,5,5,342.1572,21.0954459355484,5,316.431689033226,-25.72551096677398
PEP-0306,17,0,1,1,1,33768,1.0,0.169704545,27.63909446,0.33940909,9.67966666666667,990.646111750045,269.44982810627,28.8864404749482,5,6,339.40909000000005,28.8864404749482,5,433.296607124223,93.88751712422294
PEP-0044,8,0,0,1,1,14618,100.0,0.16775,12.213658037925,0.3355,11.2905,774.273843243341,115.076412354334,32.1182316989963,5,1,335.5,32.1182316989963,5,481.77347548494447,146.27347548494447
PEP-0046,8,0,1,0,0,12359,93.593,0.1765,11.3597380485911,0.33038329,9.95483333333333,792.668715654944,86.3337099254932,23.2849771894957,5,1,330.38329,23.2849771894957,5,349.2746578424355,18.8913678424355
PEP-0172,11,0,0,0,0,15023,0.97602,0.166714285714286,10.7144810818985,0.325432954285714,9.81533333333334,494.221441213653,74.8912972381149,16.6170310497493,5,5,325.432954285714,16.6170310497493,5,249.2554657462395,-76.1774885394745
PEP-0191,11,0,2,1,1,28271,0.86589,0.18703125,10.8893462837081,0.323896978125,12.1873333333333,824.516066258676,129.888859550847,16.9152549292659,5,5,323.89697812500003,16.9152549292659,5,253.72882393898848,-70.16815418601155
PEP-0296,15,0,0,0,4,24248,0.64599,0.161015625,11.04300507,0.32203125,12.2801666666667,834.953970153825,166.403543096676,40.9417240174875,5,6,322.03125,40.9417240174875,5,614.1258602623125,292.0946102623125
PEP-0052,8,0,0,1,2,17309,98.616,0.163178571428571,7.80837444280015,0.32184036,11.4996666666667,950.773247589749,153.456156418019,42.7728506893047,5,1,321.84036,42.7728506893047,5,641.5927603395704,319.75240033957044
PEP-0327,17,0,2,2,0,41860,0.84276,0.160575,14.69,0.32115,14.0255,601.026061618718,287.512707850139,22.8947848264166,5,6,321.15,22.8947848264166,5,343.421772396249,22.271772396249048
PEP-0260,14,0,0,1,0,28075,1.0,0.159125,7.62570530715808,0.31825,8.57816666666667,682.081002064873,152.281854268134,18.0803626320136,5,5,318.25,18.0803626320136,5,271.205439480204,-47.04456051979599
PEP-0036,7,0,0,1,3,18953,98.13,0.1609,8.39145539145812,0.31578234,12.4323333333333,481.461045855928,160.247970185359,48.8799323405805,5,1,315.78234,48.8799323405805,5,733.1989851087076,417.4166451087076
PEP-0338,12,0,1,0,1,23965,0.93939,0.15555,14.76,0.3111,10.0568333333333,781.379479082287,110.509391339176,17.3022375668038,5,6,311.1,17.3022375668038,5,259.533563502057,-51.56643649794296
PEP-0236,14,0,0,0,1,25597,0.84647,0.18365625,11.2856152260755,0.310919011875,,,128.740255035009,18.7214982745847,5,5,310.919011875,18.7214982745847,5,280.8224741187705,-30.09653775622945
PEP-0147,10,0,0,0,1,11604,0.81285,0.1907,16.1608411203018,0.31002099,11.1648333333333,404.951105052439,79.057799411501,29.5134951325274,5,4,310.02099,29.5134951325274,5,442.702426987911,132.681436987911
PEP-0004,7,0,0,0,0,11066,95.203,0.16275,11.7705631673529,0.309885765,9.08383333333333,267.195482584999,77.8363280296107,23.4460895323847,5,1,309.885765,23.4460895323847,5,351.6913429857705,41.805577985770526
PEP-0116,11,0,0,0,0,9626,0.80705,0.1919,10.1279491748506,0.30974579,,,93.9125424046651,32.5204454618274,5,4,309.74579,32.5204454618274,5,487.806681927411,178.06089192741098
PEP-0252,12,0,0,0,1,13210,0.98625,0.1565,12.6672380840888,0.30869625,12.3265,411.056765524952,63.7000046942121,20.1550402449651,5,5,308.69625,20.1550402449651,5,302.3256036744765,-6.370646325523524
PEP-0312,17,0,0,1,1,23607,0.83711,0.1542,15.24278412,0.3084,11.8313333333333,623.740333404623,159.570234423561,25.4108915255051,5,6,308.40000000000003,25.4108915255051,5,381.1633728825765,72.76337288257645
PEP-0132,9,0,2,1,0,23598,0.88674,0.173892857142857,11.6542261324989,0.308395504285714,10.5643333333333,939.023911237318,227.879593503836,32.1891111540294,5,4,308.395504285714,32.1891111540294,5,482.836667310441,174.44116302472702
PEP-0171,12,0,1,0,1,23956,0.96537,0.1593,8.17939334426811,0.307566882,10.0891666666667,747.840419724676,113.199696163487,17.7309487592198,5,5,307.566882,17.7309487592198,5,265.964231388297,-41.60265061170298
PEP-0297,17,0,0,0,1,18269,0.62135,0.1525,18.70673066,0.305,,,123.590287960178,26.4183420888757,5,6,305.0,26.4183420888757,5,396.2751313331355,91.2751313331355
PEP-0164,12,0,0,1,0,26412,1.0,0.152071428571429,3.39139686610392,0.304142857142857,8.73566666666667,164.997786343795,153.857488519774,19.4176243777795,5,5,304.142857142857,19.4176243777795,5,291.2643656666925,-12.87849147616447
PEP-0148,11,0,0,0,0,9717,0.9166,0.163111111111111,14.9426438802972,0.299015288888889,11.511,285.086768369022,61.7042545670847,21.1671141871925,5,4,299.015288888889,21.1671141871925,5,317.5067128078875,18.491423918998464
PEP-0031,7,0,0,0,0,5963,96.689,0.153625,12.496652019364,0.2970769525,11.3893333333333,283.360049229961,39.1678854261991,21.8949552385259,5,1,297.0769525,21.8949552385259,5,328.4243285778885,31.347376077888494
PEP-0345,13,0,1,1,2,27709,0.95634,0.14790625,7.79,0.2958125,9.35466666666667,726.979773868313,122.263555027108,18.2273439520414,5,6,295.8125,18.2273439520414,5,273.41015928062103,-22.40234071937897
PEP-0107,9,0,1,0,0,13263,0.94199,0.1566,8.2564605132222,0.295031268,11.7038333333333,767.626187016003,93.8296868967445,23.5818158025446,5,4,295.031268,23.5818158025446,5,353.727237038169,58.69596903816898
PEP-0204,12,0,0,1,0,20940,0.86465,0.168214285714286,11.537104977828,0.290892964285714,9.611,300.655411871273,122.680236408458,19.5288501127758,5,5,290.892964285714,19.5288501127758,5,292.932751691637,2.0397874059230503
PEP-0247,14,0,1,0,0,28160,0.98915,0.14595,16.8740858343674,0.288732885,,,163.687783738307,19.3759213705383,5,5,288.732885,19.3759213705383,5,290.6388205580745,1.905935558074475
PEP-0099,10,0,0,0,0,8756,0.94375,0.15253125,22.3493921450316,0.287902734375,10.3251666666667,417.483126902674,48.2744846518908,18.3776780310228,5,4,287.902734375,18.3776780310228,5,275.665170465342,-12.237563909658036
PEP-0214,11,0,1,1,0,25363,0.98417,0.144333333333333,9.92450393818254,0.284097073333333,10.7083333333333,366.041665014652,144.996998386719,19.0562365633297,5,5,284.097073333333,19.0562365633297,5,285.8435484499455,1.746475116612487
PEP-0125,12,0,1,1,0,21081,0.77965,0.180375,16.7886888695891,0.2812587375,9.22483333333333,911.768210016905,172.506861138696,27.2768308174337,5,4,281.2587375,27.2768308174337,5,409.1524622615056,127.89372476150557
PEP-0211,12,0,1,3,0,36657,0.93788,0.14975,9.9160216393439,0.28089506,9.38683333333333,510.476589027134,224.892893273907,20.4501998957823,5,5,280.89506,20.4501998957823,5,306.7529984367345,25.857938436734518
PEP-0243,12,0,0,0,0,15851,0.93864,0.1494375,13.7518038819435,0.28053603,11.6286666666667,427.224847366733,49.6749897100599,10.4462367695119,5,5,280.53603,10.4462367695119,5,156.6935515426785,-123.84247845732148
PEP-0305,17,0,1,0,2,26331,0.56774,0.13959375,44.35285504,0.2791875,10.2493333333333,533.289803219023,78.285672046637,12.4375501718439,5,6,279.1875,12.4375501718439,5,186.5632525776585,-92.62424742234148
PEP-0203,12,0,2,0,1,24146,0.92964,0.149142857142857,12.2472464489231,0.277298331428571,10.047,693.592542554499,106.653263831773,16.5577234148034,5,5,277.29833142857103,16.5577234148034,5,248.36585122205105,-28.93248020652001
PEP-0307,15,0,1,0,3,31980,0.7867,0.137305556,22.03299424,0.274611112,10.1951666666667,320.514387973463,190.770818373974,26.5457202218012,5,6,274.611112,26.5457202218012,5,398.185803327018,123.574691327018
PEP-0251,14,0,0,2,1,25824,0.98895,0.1383,13.5390329981036,0.27354357,11.665,592.849832584272,110.404044859577,15.8975974281937,5,5,273.54357,15.8975974281937,5,238.4639614229055,-35.07960857709449
PEP-0322,17,0,1,4,1,49248,0.83319,0.136708333333333,12.02,0.273416666666666,12.4473333333333,663.417828473773,238.05201142162,17.0379126261725,5,6,273.41666666666595,17.0379126261725,5,255.5686893925875,-17.84797727407846
PEP-0198,12,0,0,0,1,13530,1.0,0.13485,10.6866394878536,0.2697,9.48316666666667,438.309370661778,64.1867844674489,19.7103591179023,5,5,269.7,19.7103591179023,5,295.6553867685345,25.955386768534535
PEP-0197,11,0,0,0,3,17744,0.96276,0.13995,9.99431767046423,0.269476524,11.4311666666667,397.665635885241,92.2331633869908,31.6332830493503,5,5,269.476524,31.6332830493503,5,474.4992457402545,205.0227217402545
PEP-0303,15,0,3,0,3,37542,0.82318,0.134714286,17.60756524,0.269428572,10.024,765.939806586034,190.681926891149,21.5335712630179,5,6,269.428572,21.5335712630179,5,323.0035689452685,53.57499694526854
PEP-0186,12,0,0,0,1,13513,0.78271,0.171166666666667,14.8910766456521,0.267947723333333,11.8585,440.133168802246,68.9141003980476,21.1952083404218,5,5,267.947723333333,21.1952083404218,5,317.928125106327,49.980401772994014
PEP-0057,8,0,1,0,0,12115,0.70096,0.190607142857143,19.4847561858204,0.267215965714286,8.44916666666666,245.728884817209,40.7753934722787,11.2189829336301,5,4,267.215965714286,11.2189829336301,5,168.2847440044515,-98.93122170983452
PEP-0053,10,0,0,0,2,19285,0.79658,0.16695,7.25485327517928,0.265978062,8.417,221.280004006713,62.5449131052592,14.9611082658197,5,4,265.978062,14.9611082658197,5,224.4166239872955,-41.561438012704514
PEP-0118,11,0,1,1,0,25356,0.72669,0.1815,13.596653090086,0.26378847,,,330.285617765214,43.4197846354859,5,4,263.78847,43.4197846354859,5,651.2967695322884,387.5082995322884
PEP-0181,12,0,1,0,1,23799,0.98821,0.13340625,14.7291306290157,0.263666780625,10.8346666666667,597.6154011856,98.2916031795903,15.5102573975242,5,5,263.666780625,15.5102573975242,5,232.653860962863,-31.012919662136994
PEP-0298,17,0,1,0,3,28768,0.56781,0.131453125,51.60120266,0.26290625,9.33733333333333,872.741519439536,123.926996244089,19.9146694055968,5,6,262.90625,19.9146694055968,5,298.720041083952,35.813791083952026
PEP-0202,12,0,0,0,1,18500,0.96461,0.13584375,8.65156607631351,0.262072479375,10.0781666666667,345.605300791517,82.6854754425585,17.4166351643093,5,5,262.072479375,17.4166351643093,5,261.2495274646395,-0.822951910360473
PEP-0155,12,0,2,2,1,34350,0.72217,0.180642857142857,15.4688330071548,0.260909704285714,13.471,946.847235381881,222.138987362094,23.3768994856189,5,4,260.909704285714,23.3768994856189,5,350.6534922842835,89.74378799856953
PEP-0193,11,0,0,1,0,14909,0.97787,0.1329,9.91402202678742,0.259917846,12.3368333333333,471.142496347809,63.3048133615594,14.1536014849105,5,5,259.917846,14.1536014849105,5,212.3040222736575,-47.6138237263425
PEP-0267,13,0,0,0,0,21970,0.71916,0.180321428571429,18.341345494778,0.259359917142857,,,93.9067051162128,14.2477173594618,5,5,259.359917142857,14.2477173594618,5,213.715760391927,-45.64415675093
PEP-0201,12,0,0,0,0,16102,0.91671,0.141053571428571,13.8419310725094,0.258610438928571,8.71166666666667,525.446006007495,75.640210205529,15.6585538453875,5,5,258.610438928571,15.6585538453875,5,234.8783076808125,-23.732131247758502
PEP-0158,12,0,0,2,0,26261,0.6635,0.19384375,14.9571572542055,0.25723065625,12.3075,414.012430221785,171.770274117036,21.8029618213366,5,4,257.23065625000004,21.8029618213366,5,327.0444273200489,69.81377107004892
PEP-0217,11,0,0,1,1,17530,0.95269,0.134833333333333,11.9617239428597,0.256908736666667,11.3345,390.425440409,77.9041736559011,17.4810218009427,5,5,256.90873666666704,17.4810218009427,5,262.2153270141405,5.3065903474734455
PEP-0175,12,0,1,1,0,31579,0.80901,0.158666666666667,7.13005332601515,0.25672584,,,198.049599838821,20.9052006965411,5,5,256.72584,20.9052006965411,5,313.5780104481165,56.85217044811651
PEP-0161,11,0,1,2,0,25445,0.98009,0.130642857142857,12.8073335832729,0.256083515714286,14.3058333333333,708.785815937084,159.987722236081,20.9586326372019,5,4,256.083515714286,20.9586326372019,5,314.3794895580285,58.2959738437425
PEP-0199,12,0,1,0,1,18768,0.95978,0.132642857142857,13.3502856173705,0.254615922857143,10.0715,553.027477954639,83.7567953522521,17.3484942422693,5,5,254.615922857143,17.3484942422693,5,260.2274136340395,5.611490776896517
PEP-0295,17,0,0,1,1,24053,0.55639,0.127258929,13.41733763,0.254517858,11.8466666666667,751.095484750999,120.996939173638,18.8662704920382,5,6,254.517858,18.8662704920382,5,282.994057380573,28.476199380573007
PEP-0173,11,0,0,0,0,9673,0.97548,0.12975,14.2529803536854,0.25313706,10.6616666666667,301.645562166456,38.1017913062533,13.1299463476527,5,5,253.13706,13.1299463476527,5,196.9491952147905,-56.18786478520951
PEP-0315,16,0,0,2,1,27552,0.91912,0.126041667,14.70147726,0.252083334,11.8308333333333,751.158588843493,171.236621021875,22.9444360951716,5,6,252.083334,22.9444360951716,5,344.166541427574,92.083207427574
PEP-0254,13,0,0,0,0,22109,0.89709,0.137625,7.75107381530207,0.2469240225,,,138.869615949152,20.9371170035057,5,5,246.9240225,20.9371170035057,5,314.0567550525855,67.13273255258551
PEP-0043,8,0,0,4,0,27560,93.423,0.13185,13.4031185210678,0.246356451,14.8453333333333,967.218966451605,151.018414190039,18.2654105212916,5,1,246.356451,18.2654105212916,5,273.981157819374,27.62470681937401
PEP-0178,11,0,0,0,0,14751,0.95117,0.12890625,11.6178640825335,0.245223515625,10.9953333333333,208.462879598244,70.9885537505324,16.0415234561572,5,5,245.223515625,16.0415234561572,5,240.622851842358,-4.600663782641988
PEP-0241,13,0,1,0,3,30111,1.0,0.1224,9.97853087540309,0.2448,11.0288333333333,406.011127806946,96.318525757888,14.5368899993794,5,5,244.8,14.5368899993794,5,218.05334999069095,-26.746650009309008
PEP-0242,12,0,0,1,0,21035,0.90967,0.132625,12.5438955393573,0.2412899675,,,62.1050448476526,9.84154105818122,5,5,241.2899675,9.84154105818122,5,147.6231158727183,-93.66685162728172
PEP-0166,12,0,0,0,1,18463,0.97539,0.123541666666667,9.93706611321393,0.2410026125,9.13333333333333,466.944972044205,102.000796343331,21.5355114313257,5,5,241.0026125,21.5355114313257,5,323.0326714698855,82.03005896988549
PEP-0205,12,0,0,1,0,20931,1.0,0.119625,13.3244205887525,0.23925,,,86.9068991311651,13.840220905382,5,5,239.25,13.840220905382,5,207.60331358073,-31.646686419270026
PEP-0143,12,0,0,2,1,23738,0.58757,0.196178571428571,8.71190003206707,0.230537286428571,11.8118333333333,815.475650883108,145.209332805389,22.9801599654036,5,4,230.53728642857095,22.9801599654036,5,344.70239948105404,114.16511305248306
PEP-0337,13,0,0,0,3,19962,1.0,0.114446428571429,21.7,0.228892857142858,8.11333333333333,536.863193426088,93.3275672328455,26.0611452438763,5,6,228.892857142858,26.0611452438763,5,390.9171786581445,162.0243215152865
PEP-0270,12,0,0,2,1,28859,0.93545,0.12165625,8.02148559761443,0.227606678125,10.172,635.497627285884,158.89966797379,20.2285960858782,5,5,227.606678125,20.2285960858782,5,303.4289412881729,75.82226316317295
PEP-0014,7,0,0,2,1,29006,58.465,0.19365,12.717256352451,0.226434945,,,249.120568637474,31.5370436162032,5,1,226.434945,31.5370436162032,5,473.055654243048,246.620709243048
PEP-0160,12,0,0,2,0,26183,0.54974,0.205375,14.2969053087348,0.225805705,12.5423333333333,522.69713418321,135.49654921917,17.2499394287858,5,4,225.805705,17.2499394287858,5,258.749091431787,32.94338643178702
PEP-0157,11,0,0,1,0,20038,0.69681,0.160583333333333,13.4593421767668,0.223792145,,,109.933053757879,18.2874295102437,5,4,223.792145,18.2874295102437,5,274.3114426536555,50.519297653655485
PEP-0249,13,0,0,1,2,27194,0.95711,0.116833333333333,12.8659662695131,0.223644703333333,11.0811666666667,524.057630664375,120.884885161635,18.4466955322033,5,5,223.644703333333,18.4466955322033,5,276.7004329830495,53.05572964971648
PEP-0269,13,0,0,0,2,16872,0.94452,0.117,8.92845402383598,0.22101768,10.965,355.895885072366,70.7517541924972,20.4685975214075,5,5,221.01768,20.4685975214075,5,307.0289628211125,86.0112828211125
PEP-0213,11,0,0,1,1,17619,0.94551,0.1167,2.4724144038138,0.220682034,10.9466666666667,386.239049346959,74.4458420479859,16.605514375443,5,5,220.682034,16.605514375443,5,249.08271563164504,28.40068163164503
PEP-0231,13,0,1,0,0,17150,0.9465,0.1163,16.7134316937543,0.2201559,,,50.3941747995123,9.79478616122687,5,5,220.1559,9.79478616122687,5,146.92179241840304,-73.23410758159693
PEP-0308,17,0,1,0,2,26388,0.59556,0.109964286,27.79101966,0.219928572,10.2415,735.510339230473,96.2961366880045,15.257492266059,5,6,219.928572,15.257492266059,5,228.862383990885,8.933811990885005
PEP-0187,12,0,1,1,1,29065,0.9731,0.1126875,9.63006926219975,0.2193124125,11.4836666666667,681.720455230084,115.890723314165,14.6382118623425,5,5,219.3124125,14.6382118623425,5,219.5731779351375,0.2607654351375004
PEP-0255,12,0,0,0,1,13469,0.94857,0.114875,14.0781843792186,0.2179339575,12.172,362.442520695309,46.6016236939395,14.3912123074361,5,5,217.9339575,14.3912123074361,5,215.8681846115415,-2.065772888458497
PEP-0192,12,0,0,1,2,21091,0.98171,0.110791666666667,8.78630723172911,0.217530574166667,12.4806666666667,615.02771920074,87.7948657890665,18.5915477180752,5,5,217.53057416666695,18.5915477180752,5,278.873215771128,61.34264160446102
PEP-0222,11,0,0,0,1,12492,1.0,0.10875,0.975319698188344,0.2175,12.2415,246.154935282109,43.2335665796854,14.6798297442143,5,5,217.5,14.6798297442143,5,220.1974461632145,2.697446163214522
PEP-0330,17,0,1,1,1,28555,0.76929,0.108625,17.88,0.21725,16.0986666666667,457.009384978209,118.403056210431,15.250264839056,5,6,217.25,15.250264839056,5,228.75397258584,11.503972585839987
PEP-0263,12,0,0,0,1,13221,0.98071,0.1105,14.8620321074217,0.21673691,11.0361666666667,249.357103915409,52.8255165101509,16.6968571054273,5,5,216.73691,16.6968571054273,5,250.4528565814095,33.7159465814095
PEP-0189,12,0,0,0,0,21111,1.0,0.108,1.96418550329597,0.216,,,69.3913060811174,10.9565796790168,5,5,216.0,10.9565796790168,5,164.34869518525198,-51.651304814748016
PEP-0233,13,0,2,0,1,25049,1.0,0.1075,16.4311830071215,0.215,10.5646666666667,432.08329903374,40.8557127461536,6.08678417600095,5,5,215.0,6.08678417600095,5,91.30176264001425,-123.69823735998575
PEP-0159,11,0,2,2,0,30769,0.91973,0.1160625,12.8116504472691,0.21349232625,14.606,617.93790658674,156.622694350604,16.9675858115424,5,4,213.49232625,16.9675858115424,5,254.513787173136,41.021460923136
PEP-0210,12,0,0,2,1,28815,0.89945,0.11765625,13.787788254081,0.211651828125,9.62833333333333,478.598961139713,136.216646857036,17.3701411447381,5,5,211.651828125,17.3701411447381,5,260.5521171710715,48.90028904607146
PEP-0152,10,0,0,1,0,13865,0.91908,0.114642857142857,22.4454774613504,0.210731914285714,12.2328333333333,306.648602049123,64.5922889941357,15.5288589960658,5,4,210.731914285714,15.5288589960658,5,232.932884940987,22.20097065527301
PEP-0183,12,0,0,1,0,21121,0.69122,0.1503,15.1219470000221,0.207780732,,,116.373552198464,18.3661682998696,5,5,207.780732,18.3661682998696,5,275.492524498044,67.71179249804396
PEP-0220,12,0,0,0,0,15870,1.0,0.103625,7.49948524296411,0.20725,11.624,190.339468345715,64.1129834418825,13.4662851169676,5,5,207.25,13.4662851169676,5,201.994276754514,-5.255723245486024
PEP-0140,8,0,0,1,0,11953,1.0,0.103166666666667,12.4873716422328,0.206333333333333,12.1383333333333,67.0539578947442,53.4449860008972,14.9042042446519,5,4,206.333333333333,14.9042042446519,5,223.5630636697785,17.2297303364455
PEP-0234,13,0,1,0,0,17306,0.95223,0.108,15.8113883008419,0.20568168,10.4223333333333,498.5888921478,52.3854590016854,10.0900379447755,5,5,205.68168,10.0900379447755,5,151.3505691716325,-54.33111082836752
PEP-0321,17,0,0,2,1,33691,0.93026,0.10215,12.55,0.2043,15.2548333333333,477.019539849509,121.320321156119,13.0384662922491,5,6,204.3,13.0384662922491,5,195.5769943837365,-8.72300561626352
PEP-0248,12,0,0,1,2,26233,0.95633,0.10528125,16.4484415159663,0.201367235625,11.8535,597.893911160556,108.142184034965,17.2615977964477,5,5,201.367235625,17.2615977964477,5,258.9239669467155,57.55673132171549
PEP-0060,7,0,0,0,0,6052,0.81147,0.122875,7.3948247590585,0.1994187525,9.48333333333333,209.191491583767,26.3584198013596,14.5177460901958,5,4,199.4187525,14.5177460901958,5,217.766191352937,18.347438852937017
PEP-0283,13,0,0,1,1,19487,0.69218,0.141678571428571,16.9925810571362,0.196134147142857,12.042,406.518820032939,71.2130881511694,14.1194956283546,5,5,196.13414714285705,14.1194956283546,5,211.792434425319,15.65828728246197
PEP-0235,13,0,0,2,0,22109,0.67213,0.142375,15.0087019522462,0.1913890175,,,66.3469653612483,10.0030101408549,5,5,191.3890175,10.0030101408549,5,150.0451521128235,-41.34386538717649
PEP-0262,14,0,3,0,0,33874,0.84002,0.1135,14.077629978773,0.19068454,10.3875,712.319397266302,154.185935036207,15.1724956245898,5,5,190.68454000000003,15.1724956245898,5,227.587434368847,36.90289436884697
PEP-0331,17,0,1,1,0,26245,0.6803,0.095,12.79,0.19,17.1996666666667,388.801432884914,66.5313800962904,8.45003874976699,5,6,190.0,8.45003874976699,5,126.75058124650486,-63.249418753495135
PEP-0089,8,0,0,0,0,7019,0.68163,0.139,12.3732641510754,0.18949314,10.81,143.789633410107,13.47548077379,6.39952546601604,5,4,189.49314,6.39952546601604,5,95.9928819902406,-93.50025800975942
PEP-0086,11,0,0,0,0,15083,0.66382,0.1423125,12.6676947150214,0.1889397675,9.06516666666666,195.793992992786,42.9027485468359,9.48147993255894,5,4,188.9397675,9.48147993255894,5,142.2221989883841,-46.717568511615895
PEP-0207,11,0,1,0,1,23056,0.88447,0.10575,7.33622725729688,0.187065405,10.285,221.50161997406,84.6482277247851,13.8443039636238,5,5,187.065405,13.8443039636238,5,207.664559454357,20.59915445435701
PEP-0179,11,0,1,0,0,15271,0.80128,0.115785714285714,7.39537975133275,0.185553554285714,11.0508333333333,505.502050369212,49.0342337447946,10.7031265677416,5,5,185.553554285714,10.7031265677416,5,160.546898516124,-25.00665576959
PEP-0182,12,0,1,0,0,16040,0.96514,0.09571875,10.1034197139529,0.18476398875,11.5483333333333,491.06427419122,54.9644449639163,11.422370108877,5,5,184.76398875,11.422370108877,5,171.335551633155,-13.428437116845004
PEP-0184,12,0,0,0,1,13591,0.63907,0.143916666666667,14.7749552408991,0.183945648333333,,,70.1940422160405,21.4346043166119,5,5,183.945648333333,21.4346043166119,5,321.5190647491785,137.5734164158455
PEP-0264,13,0,1,0,1,19752,0.94199,0.09628125,17.0863188074343,0.181391949375,10.5595,346.614111812089,49.4427077366418,9.65093551495027,5,5,181.391949375,9.65093551495027,5,144.76403272425404,-36.62791665074596
PEP-0190,11,0,1,1,0,20343,0.96984,0.0926428571428571,13.292266465249,0.179697497142857,12.0083333333333,522.282330657494,62.8175891804131,10.2930720117343,5,5,179.69749714285695,10.2930720117343,5,154.3960801760145,-25.30141696684248
PEP-0061,9,0,0,0,2,13150,0.62746,0.137785714285714,13.7046856542113,0.172910048571429,7.46833333333333,145.579241729911,56.8236348379032,24.2836046315826,5,4,172.910048571429,24.2836046315826,5,364.25406947373904,191.34402090231004
PEP-0212,12,0,0,2,1,23685,0.94661,0.0913214285714286,13.0762840751419,0.172891555,11.518,482.351711234872,83.916125284697,13.3136800388223,5,5,172.891555,13.3136800388223,5,199.7052005823345,26.813645582334487
PEP-0185,12,0,0,0,1,13485,1.0,0.0851666666666667,12.0432768636463,0.170333333333333,12.2283333333333,424.186584655045,47.8710719125957,14.7613542746209,5,5,170.333333333333,14.7613542746209,5,221.4203141193135,51.0869807859805
PEP-0271,13,0,0,3,1,29873,0.68652,0.123777777777778,12.7197848570801,0.16995184,10.5163333333333,400.396233626769,121.335997960356,14.8707010270799,5,5,169.95184,14.8707010270799,5,223.0605154061985,53.1086754061985
PEP-0196,11,0,0,0,1,17614,1.0,0.082,10.3263234780569,0.164,11.5355,270.03206096825,53.8825530921094,12.022793380215,5,5,164.0,12.022793380215,5,180.341900703225,16.341900703225008
PEP-0333,15,0,1,1,0,24174,0.96188,0.0819583333333333,19.38,0.163916666666667,17.3316666666667,299.444383711766,61.7516860036558,8.51489010281787,5,6,163.916666666667,8.51489010281787,5,127.72335154226803,-36.19331512439896
PEP-0352,13,0,2,0,0,22458,1.0,0.081708333,18.01,0.163416666,12.3226666666667,455.819135649778,76.8092599723022,11.4004304289937,5,6,163.416666,11.4004304289937,5,171.0064564349055,7.589790434905495
PEP-0316,16,0,1,2,1,32887,0.53664,0.08140625,13.90746813,0.1628125,,,75.631349975316,8.34451542161128,5,6,162.8125,8.34451542161128,5,125.1677313241692,-37.64476867583079
PEP-0339,13,0,1,0,3,25006,0.85313,0.0811111111111111,16.59,0.162222222222222,10.1115,688.98311009834,78.2586390704964,15.3620004849531,5,6,162.222222222222,15.3620004849531,5,230.43000727429649,68.20778505207448
PEP-0317,16,0,0,0,3,22582,0.69979,0.0807,18.41368677,0.1614,11.1691666666667,255.007612777505,70.3833389944557,16.1167225377151,5,6,161.39999999999998,16.1167225377151,5,241.75083806572647,80.35083806572649
PEP-0167,11,0,0,0,1,22635,0.85623,0.093875,12.3916471557422,0.1607571825,,,85.3208918985038,14.2486459416339,5,5,160.7571825,14.2486459416339,5,213.7296891245085,52.9725066245085
PEP-0293,16,0,0,0,0,14873,0.83715,0.080339286,27.69193565,0.160678572,12.6346666666667,506.954373976667,53.1369410368279,11.9090389826818,5,6,160.678572,11.9090389826818,5,178.635584740227,17.957012740226986
PEP-0340,13,0,0,1,1,24728,0.9217,0.079916667,16.59,0.159833334,10.7866666666667,384.844601433967,64.151392304535,9.69654805915068,5,6,159.83333399999998,9.69654805915068,5,145.44822088726022,-14.38511311273976
PEP-0319,15,0,0,1,0,18893,0.71063,0.0798125,12.47,0.159625,14.7003333333333,195.870686826493,36.7121957447671,6.47721303212249,5,6,159.625,6.47721303212249,5,97.15819548183735,-62.46680451816265
PEP-0259,12,0,1,1,1,23783,0.97165,0.081375,10.0583360779785,0.1581360375,11.239,321.828285328469,58.3703637969738,9.21773163365767,5,5,158.1360375,9.21773163365767,5,138.26597450486503,-19.87006299513496
PEP-0240,12,0,0,0,0,10991,0.79104,0.0999,8.88582223069956,0.158049792,,,17.9973713477702,5.45821470529532,5,5,158.049792,5.45821470529532,5,81.8732205794298,-76.1765714205702
PEP-0309,15,0,1,1,2,29480,0.71765,0.07825,20.6793441,0.1565,11.6183333333333,587.884824293243,102.293710100814,14.1309172676908,5,6,156.5,14.1309172676908,5,211.963759015362,55.463759015362
PEP-0200,12,0,0,2,3,28887,1.0,0.07759375,5.69615375215051,0.1551875,11.6766666666667,456.095421389726,72.8735329015035,11.6437434732214,5,5,155.1875,11.6437434732214,5,174.656152098321,19.468652098321
PEP-0176,12,0,0,1,3,23770,0.78662,0.0985714285714286,10.7859099668143,0.155076514285714,11.0151666666667,598.116282378469,81.0264652631158,17.1539039405347,5,5,155.076514285714,17.1539039405347,5,257.3085591080205,102.2320448223065
PEP-0174,11,0,0,1,1,17744,0.92265,0.0831071428571429,11.8785794480573,0.153357610714286,10.658,379.295939387915,54.7368896533808,12.108056197797,5,5,153.357610714286,12.108056197797,5,181.620842966955,28.263232252668985
PEP-0215,12,0,0,2,2,26326,0.96987,0.0789,7.4363525534631,0.153045486,12.2638333333333,422.585810982953,76.5311556623346,12.1617015735975,5,5,153.045486,12.1617015735975,5,182.4255236039625,29.38003760396248
PEP-0168,12,0,1,0,2,21510,0.64736,0.117375,11.8633214927276,0.15196776,,,66.8469798962396,13.7885684604455,5,5,151.96776,13.7885684604455,5,206.8285269066825,54.8607669066825
PEP-0219,12,0,1,0,2,21386,1.0,0.075875,9.44836037798664,0.15175,11.907,430.623021378885,73.0446008900544,15.1834623950392,5,5,151.75,15.1834623950392,5,227.751935925588,76.00193592558799
PEP-0273,13,0,0,1,0,17175,0.9769,0.0774,12.2262095314631,0.15122412,10.7321666666667,348.444019653285,48.7130559170764,9.45425636430401,5,5,151.22412,9.45425636430401,5,141.81384546456016,-9.41027453543984
PEP-0232,13,0,0,0,3,19605,0.48811,0.15490625,42.7190925439482,0.151222579375,9.43166666666667,223.311348129643,74.0596989627156,21.3182783427506,5,5,151.222579375,21.3182783427506,5,319.774175141259,168.55159576625897
PEP-0266,12,0,1,0,1,18846,0.90499,0.0834375,10.9958289696476,0.15102020625,9.97166666666667,426.010985975026,60.0017002687018,12.3681694120549,5,5,151.02020625,12.3681694120549,5,185.5225411808235,34.50233493082351
PEP-0244,14,0,0,0,0,12766,0.87166,0.0863571428571429,10.1706707354438,0.150548134285714,11.1083333333333,263.111374827598,29.0436962583153,7.58360652209393,5,5,150.548134285714,7.58360652209393,5,113.75409783140896,-36.79403645430506
PEP-0351,13,0,3,1,1,40623,0.91871,0.072805556,22.58,0.145611112,12.6003333333333,188.331200906365,104.940273247397,9.21790109688673,5,6,145.611112,9.21790109688673,5,138.26851645330095,-7.342595546699044
PEP-0256,14,0,0,0,0,22857,0.76564,0.0946875,9.80890701486978,0.144993075,,,85.4045037504402,12.454901306739,5,5,144.993075,12.454901306739,5,186.823519601085,41.83044460108499
PEP-0074,10,0,0,0,2,19277,0.46944,0.154125,12.5760395796362,0.14470488,9.48233333333333,156.982796977253,30.1186721824924,7.20870064921674,5,4,144.70488,7.20870064921674,5,108.1305097382511,-36.574370261748896
PEP-0097,9,0,0,0,3,15603,0.87739,0.07875,18.1702705031799,0.138188925,9.6495,284.1583479408,43.6023542647854,19.1793587863048,5,4,138.18892499999998,19.1793587863048,5,287.690381794572,149.501456794572
PEP-0227,12,0,0,1,0,15857,1.0,0.069,16.2680755946693,0.138,12.4473333333333,260.403482374715,37.5193988672909,7.88703177719427,5,5,138.0,7.88703177719427,5,118.30547665791406,-19.694523342085944
PEP-0274,12,0,1,1,1,23785,0.92749,0.0741666666666667,10.9900047552142,0.137577683333333,11.7975,410.340235464015,65.2264436964106,10.29945423913,5,5,137.577683333333,10.29945423913,5,154.49181358695,16.914130253617003
PEP-0258,12,0,1,1,1,23774,1.0,0.06834375,16.5644402201428,0.1366875,11.2395,401.707173014006,60.4757170162702,9.55427856237582,5,5,136.6875,9.55427856237582,5,143.3141784356373,6.626678435637302
PEP-0294,15,0,0,0,1,16399,0.75666,0.0675,25.14157444,0.135,,,132.441542658329,32.1678671568855,5,6,135.0,32.1678671568855,5,482.5180073532825,347.5180073532825
PEP-0250,13,0,0,0,3,19833,0.854,0.07875,19.901495896708,0.134505,,,50.4233757185793,14.2342411129684,5,5,134.50500000000002,14.2342411129684,5,213.513616694526,79.00861669452598
PEP-0228,12,0,0,1,0,15859,0.96493,0.069125,13.8508207963546,0.1334015725,12.2868333333333,318.960098287929,48.4004597489766,10.1730793763744,5,5,133.4015725,10.1730793763744,5,152.596190645616,19.194618145615976
PEP-0101,10,0,0,1,1,16543,0.67101,0.0991875,13.2440827483233,0.13311160875,,,54.2124198945894,13.0305787651643,5,4,133.11160875,13.0305787651643,5,195.4586814774645,62.34707272746451
PEP-0268,13,0,0,2,1,24718,0.66819,0.09871875,18.8820507672997,0.131925763125,10.306,288.676644996232,85.2271064495872,12.8880077499414,5,5,131.925763125,12.8880077499414,5,193.32011624912096,61.39435312412098
PEP-0280,14,0,0,0,0,12707,0.88405,0.0743,16.3083938431458,0.13136983,12.1781666666667,196.778736364957,32.560330602857,8.54131072187429,5,5,131.36982999999998,8.54131072187429,5,128.11966082811435,-3.2501691718856307
PEP-0216,12,0,2,0,2,26731,0.98088,0.0669642857142857,15.2022454481786,0.131367857142857,11.1115,439.430880227835,68.152840173163,10.625140728242,5,5,131.36785714285702,10.625140728242,5,159.37711092363,28.00925378077298
PEP-0257,12,0,0,0,0,10866,0.96054,0.06805,17.0155414492635,0.130729494,12.0165,382.29049416405,37.593275449959,11.5323870942877,5,5,130.729494,11.5323870942877,5,172.9858064143155,42.25631241431552
PEP-0128,10,0,0,0,0,8872,0.82673,0.0777,22.8990406983918,0.128473842,11.1365,235.679012433092,31.5147248687972,11.8405188115409,5,4,128.473842,11.8405188115409,5,177.6077821731135,49.1339401731135
PEP-0072,12,0,0,0,3,18695,0.57475,0.110041666666667,8.99890584074944,0.126492895833333,9.66833333333333,183.588295543951,39.5031424128101,12.3408754804155,5,4,126.492895833333,12.3408754804155,5,185.1131322062325,58.6202363728995
PEP-0218,12,0,1,1,1,24100,1.0,0.062625,5.65543422903837,0.12525,10.6075,433.989219426312,58.7936122443571,9.14719754871366,5,5,125.25,9.14719754871366,5,137.2079632307049,11.957963230704904
PEP-0100,9,0,0,0,0,7801,0.9375,0.06675,41.3904279918963,0.12515625,10.9883333333333,246.747281420626,24.4065206251616,10.4287999936596,5,4,125.15625,10.4287999936596,5,156.431999904894,31.275749904894013
PEP-0221,11,0,1,2,1,28123,0.98068,0.0634166666666667,10.0544946740001,0.124382913333333,13.0015,481.475395475371,90.8030002870655,11.8939275237171,5,5,124.382913333333,11.8939275237171,5,178.40891285575648,54.02599952242349
PEP-0334,15,0,1,1,0,24096,0.91953,0.06175,21.26,0.1235,17.7923333333333,232.149343595975,51.9951305547438,7.19277481113654,5,6,123.5,7.19277481113654,5,107.8916221670481,-15.608377832951902
PEP-0277,14,0,0,1,1,20578,0.91361,0.065175,13.8563097884656,0.1190890635,10.9353333333333,390.317591335783,56.1689834674398,10.4580207167216,5,5,119.0890635,10.4580207167216,5,156.87031075082402,37.78124725082402
PEP-0165,11,0,0,0,0,9964,0.81773,0.072625,6.31929767665605,0.1187752825,9.87333333333333,279.391864517829,26.5764596064364,8.89082684545577,5,5,118.7752825,8.89082684545577,5,133.36240268183656,14.587120181836568
PEP-0281,12,0,1,2,1,29009,0.96897,0.06025,13.2032386528608,0.116760885,12.767,400.038379131744,64.2294558598514,8.1301050428915,5,5,116.760885,8.1301050428915,5,121.95157564337252,5.1906906433725055
PEP-0195,11,0,0,1,2,20213,0.64121,0.09075,10.8513372311867,0.116379615,12.3855,288.89672334773,77.1503582770383,17.3025540552689,5,5,116.379615,17.3025540552689,5,259.5383108290335,143.1586958290335
PEP-0224,11,0,0,1,1,17598,0.95862,0.059625,5.18629638442473,0.114315435,13.01,361.202837614055,51.4939053485941,11.5021343672171,5,5,114.315435,11.5021343672171,5,172.53201550825648,58.21658050825647
PEP-0272,13,0,0,0,1,24629,0.5311,0.10595,16.8165423238607,0.11254009,,,79.227743663585,12.0293558749484,5,5,112.54009,12.0293558749484,5,180.440338124226,67.90024812422601
PEP-0225,11,0,0,1,2,20239,0.97778,0.0573,9.68940079755065,0.112053588,13.6293333333333,325.275453661576,43.9842527542569,9.84714727970468,5,5,112.053588,9.84714727970468,5,147.7072091955702,35.653621195570224
PEP-0208,12,0,2,0,2,26720,0.97911,0.0556071428571429,13.3616481291606,0.108891019285714,10.2686666666667,358.258329280897,46.7248772723324,7.28823541917523,5,5,108.891019285714,7.28823541917523,5,109.32353128762844,0.4325120019144464
PEP-0278,12,0,1,3,0,36603,0.77398,0.0701666666666667,11.4251534560058,0.108615193333333,,,85.0701177363226,7.74709884766482,5,5,108.615193333333,7.74709884766482,5,116.20648271497232,7.591289381639314
PEP-0311,16,0,0,0,0,19908,0.9476,0.05368125,14.41649064,0.1073625,,,67.3529644657247,11.2773699795266,5,6,107.3625,11.2773699795266,5,169.160549692899,61.798049692899
PEP-0275,13,0,0,2,1,29907,1.0,0.05325,9.38497535152545,0.1065,,,62.7562052086505,7.68167415891237,5,5,106.5,7.68167415891237,5,115.22511238368554,8.725112383685541
PEP-0163,11,0,0,0,2,20081,0.8415,0.06225,15.9230743787944,0.10476675,7.9745,125.91371971308,30.4389618128625,6.88773376165061,5,5,104.76675,6.88773376165061,5,103.31600642475917,-1.4507435752408495
PEP-0162,11,0,1,0,0,15058,0.95758,0.05375,18.855452385954,0.10293985,16.3473333333333,166.074422068215,30.8650195630034,6.83247433545921,5,4,102.93985,6.83247433545921,5,102.48711503188817,-0.4527349681118409
PEP-0347,13,0,0,0,1,19473,0.669,0.047571429,15.31,0.095142858,9.9475,115.166327275944,15.8808752846362,3.15134247819903,5,6,95.142858,3.15134247819903,5,47.27013717298545,-47.87272082701454
PEP-0276,14,0,0,0,2,17956,0.81231,0.0574285714285714,14.6760898800724,0.0932996057142857,,,46.4663165268576,12.2868254605895,5,5,93.29960571428568,12.2868254605895,5,184.30238190884248,91.0027761945568
PEP-0238,12,0,0,0,0,10923,1.0,0.04625,14.8506074131848,0.0925,11.3663333333333,182.953396050737,16.5316178728717,5.04489544168932,5,5,92.5,5.04489544168932,5,75.6734316253398,-16.826568374660198
PEP-0326,15,0,0,1,0,18943,0.87695,0.0459,18.54,0.0918,17.2273333333333,116.860983516703,22.8608275206898,4.02273971399986,5,6,91.8,4.02273971399986,5,60.34109570999789,-31.45890429000212
PEP-0180,12,0,0,1,2,26395,0.7105,0.06440625,7.27053056074995,0.09152128125,,,59.2352842977416,9.38232110520973,5,5,91.52128125,9.38232110520973,5,140.73481657814594,49.21353532814594
PEP-0177,12,0,0,1,0,21273,0.94765,0.04425,5.25150284231514,0.083867025,11.1631666666667,177.077493825782,38.5519981369289,6.04083394238846,5,5,83.867025,6.04083394238846,5,90.6125091358269,6.745484135826899
PEP-0323,16,0,0,0,1,17103,0.92861,0.039796875,15.41,0.07959375,14.9146666666667,153.213837119072,29.0361120661582,6.70827836294202,5,6,79.59375,6.70827836294202,5,100.6241754441303,21.0304254441303
PEP-0209,11,0,1,0,0,15071,1.0,0.039375,15.6685240371467,0.07875,11.2796666666667,188.108714309439,28.2979329188165,6.25880452940891,5,5,78.75,6.25880452940891,5,93.88206794113366,15.132067941133656
PEP-0282,14,0,0,0,2,17967,1.0,0.0393,19.9059615426035,0.0786,15.1623333333333,86.0365130571455,14.2197229850754,3.75676282927145,5,5,78.60000000000001,3.75676282927145,5,56.35144243907175,-22.248557560928266
PEP-0206,11,0,1,0,0,15172,1.0,0.0384375,14.6294998430637,0.076875,10.9405,172.632195567434,23.4801456029563,5.15865752767298,5,5,76.875,5.15865752767298,5,77.37986291509469,0.5048629150946908
PEP-0098,9,0,0,0,3,15660,0.87193,0.04405,19.6124852216595,0.076817033,9.87816666666667,297.861132662076,36.5149617100542,15.941917358679,5,4,76.81703300000001,15.941917358679,5,239.12876038018496,162.31172738018498
PEP-0188,11,0,0,1,2,20202,0.79266,0.0481071428571429,6.88024186731859,0.0762652157142857,12.1288333333333,139.468977499902,37.3872308364953,8.39106536414743,5,5,76.2652157142857,8.39106536414743,5,125.86598046221144,49.60076474792574
PEP-0265,12,0,1,1,2,26417,1.0,0.02985,17.9784359999983,0.0597,11.379,164.071928627539,18.8737099612936,2.98629926129232,5,5,59.7,2.98629926129232,5,44.7944889193848,-14.9055110806152
PEP-0261,13,0,0,0,2,16866,1.0,0.028125,6.71096394246289,0.05625,10.0125,148.996219798763,15.6973560679326,4.54363669906581,5,5,56.25,4.54363669906581,5,68.15455048598714,11.904550485987144
PEP-0230,12,0,1,4,1,39337,0.95603,0.0285,13.92500690034,0.05449371,14.9566666666667,336.030786186034,47.7543440134614,4.34185660115482,5,5,54.49371,4.34185660115482,5,65.1278490173223,10.634139017322305
PEP-0335,17,0,0,1,0,20793,0.42349,0.0264642857142857,16.74,0.0529285714285714,15.963,58.5997697211846,7.03372272585875,1.12757862836191,5,6,52.9285714285714,1.12757862836191,5,16.91367942542865,-36.01489200314275
PEP-0223,11,0,0,1,0,14874,1.0,0.024375,11.9168718344844,0.04875,13.4541666666667,72.5744310792273,14.1439052265669,3.16971566190822,5,5,48.75,3.16971566190822,5,47.5457349286233,-1.2042650713767031
PEP-0328,17,0,1,1,1,28633,0.68633,0.0235277777777778,16.48,0.0470555555555556,15.9061666666667,223.524428592911,36.4041507364673,4.67475033213489,5,6,47.0555555555556,4.67475033213489,5,70.12125498202334,23.065699426467745
PEP-0286,13,0,0,0,2,17012,1.0,0.02055,13.9810082550205,0.0411,18.0121666666667,81.277813859433,18.5878254993695,5.31293245851755,5,5,41.1,5.31293245851755,5,79.69398687776325,38.59398687776326
PEP-0332,17,0,0,1,2,26051,0.76474,0.0188392857142857,21.39,0.0376785714285714,16.3666666666667,136.539226353042,20.0817770880276,3.23362431573798,5,6,37.6785714285714,3.23362431573798,5,48.5043647360697,10.8257933074983
PEP-0150,12,0,0,1,1,18466,0.80147,0.0198214285714286,16.9014387436271,0.0317725607142857,13.4636666666667,68.9000690209906,13.0205664594905,2.74852056223809,5,4,31.7725607142857,2.74852056223809,5,41.22780843357135,9.455247719285648
PEP-0324,17,0,0,3,1,38846,0.92061,0.01555,23.76,0.0311,15.3708333333333,121.05400718319,19.681069181257,1.8137061164337,5,6,31.1,1.8137061164337,5,27.2055917465055,-3.894408253494497
PEP-0229,12,0,0,0,0,11026,1.0,0.01425,22.3296878269436,0.0285,13.3273333333333,43.388367517049,4.08734964898258,1.23567012787429,5,5,28.5,1.23567012787429,5,18.535051918114352,-9.964948081885648
PEP-0285,14,0,0,1,0,18155,1.0,0.0135,0.0,0.027,12.7766666666667,47.8989796192441,3.93403140516239,0.72230449006929,5,5,27.0,0.72230449006929,5,10.83456735103935,-16.16543264896065
PEP-0226,12,0,2,0,1,24138,0.92988,0.013625,13.2186522233598,0.02533923,12.7886666666667,98.7329483704187,10.941295584973,1.6992491861922,5,5,25.33923,1.6992491861922,5,25.488737792883,0.1495077928829964
PEP-0135,11,0,1,1,2,25517,0.63984,0.0196071428571429,36.5848252846725,0.0250908685714286,10.1035,92.4954080599595,10.7863405018015,1.78283673026917,5,4,25.0908685714286,1.78283673026917,5,26.742550954037547,1.6516823826089464
